artist,title,album,url,isDownloaded
Sleeping With Sirens,Scene Two - Roger Rabbit,"If you were a movie, this would be your soundtrack",https://music.youtube.com/watch?v=LHAVStFVTiIlist=PLzx7xtGqjNzoahrq-AQmO7DHbJZtGqZUC,False
New Found Glory,Hit or Miss,,https://music.youtube.com/watch?v=qYoWZgY2HAklist=PLzx7xtGqjNzoahrq-AQmO7DHbJZtGqZUC,False
The Goo Goo Dolls,Iris,Dizzy Up The Girl,https://music.youtube.com/watch?v=Dy_eP-mqWowlist=PLzx7xtGqjNzoahrq-AQmO7DHbJZtGqZUC,False
Avril Lavigne,Complicated,Let Go,https://music.youtube.com/watch?v=DTtb9rt1tnklist=PLzx7xtGqjNzoahrq-AQmO7DHbJZtGqZUC,False
G-Eazy,All The Things You're Searching For (feat. Kossisko & Ashley Benson),Everything's Strange Here,https://music.youtube.com/watch?v=BpPnPRq2v3Ulist=PLzx7xtGqjNzoahrq-AQmO7DHbJZtGqZUC,False
ONE OK ROCK,I Was King,I Was King,https://music.youtube.com/watch?v=PfSOZg45ybklist=PLzx7xtGqjNzoahrq-AQmO7DHbJZtGqZUC,False
Escape The Fate,Not Good Enough For Truth In Cliche',Dying Is Your Latest Fashion,https://music.youtube.com/watch?v=lRyYdwsU19klist=PLzx7xtGqjNzoahrq-AQmO7DHbJZtGqZUC,False
As It Is,Turn Back To Me,"Never Happy, Ever After",https://music.youtube.com/watch?v=oSkBWOvgMkAlist=PLzx7xtGqjNzoahrq-AQmO7DHbJZtGqZUC,False
Shiina Kurisu,Face Down With Lyrics,,https://music.youtube.com/watch?v=W8wvyPDZo_wlist=PLzx7xtGqjNzoahrq-AQmO7DHbJZtGqZUC,False
Shiina Kurisu,Face Down With Lyrics,,https://music.youtube.com/watch?v=W8wvyPDZo_wlist=PLzx7xtGqjNzoahrq-AQmO7DHbJZtGqZUC,False
The Red Jumpsuit Apparatus,False Pretense - Alliance Edition,,https://music.youtube.com/watch?v=MiCZdvQXULElist=PLzx7xtGqjNzoahrq-AQmO7DHbJZtGqZUC,False
You Me At Six,Bite My Tongue (feat. Oli Sykes),Sinners Never Sleep,https://music.youtube.com/watch?v=FNEY_orwrPElist=PLzx7xtGqjNzoahrq-AQmO7DHbJZtGqZUC,False
Asking Alexandria,The Black,The Black,https://music.youtube.com/watch?v=vl0dl8hIpsklist=PLzx7xtGqjNzoahrq-AQmO7DHbJZtGqZUC,False
Pierce The Veil,Today I Saw The Whole World,Misadventures,https://music.youtube.com/watch?v=EBamTJPoOdglist=PLzx7xtGqjNzoahrq-AQmO7DHbJZtGqZUC,False
Bring Me The Horizon,Shadow Moses,Shadow Moses,https://music.youtube.com/watch?v=lXj4r1gymLglist=PLzx7xtGqjNzoahrq-AQmO7DHbJZtGqZUC,False
Pierce The Veil,Tangled In The Great Escape (feat. Jason Butler),Collide with the Sky,https://music.youtube.com/watch?v=dVaSjCRz5_4list=PLzx7xtGqjNzoahrq-AQmO7DHbJZtGqZUC,False
Bring Me The Horizon,Teardrops,POST HUMAN: SURVIVAL HORROR,https://music.youtube.com/watch?v=iKhHd9ySXEwlist=PLzx7xtGqjNzoahrq-AQmO7DHbJZtGqZUC,False
Pierce The Veil,Disasterology,Selfish Machines,https://music.youtube.com/watch?v=j3Mc5ILV3FMlist=PLzx7xtGqjNzoahrq-AQmO7DHbJZtGqZUC,False
Bring Me The Horizon,Drown,That's The Spirit,https://music.youtube.com/watch?v=ymo9oX83kJIlist=PLzx7xtGqjNzoahrq-AQmO7DHbJZtGqZUC,False
Bring Me The Horizon,Follow You,That's The Spirit,https://music.youtube.com/watch?v=RqQKhSzThyclist=PLzx7xtGqjNzoahrq-AQmO7DHbJZtGqZUC,False
Bring Me The Horizon,Throne,That's The Spirit,https://music.youtube.com/watch?v=aJjvKCtivaklist=PLzx7xtGqjNzoahrq-AQmO7DHbJZtGqZUC,False
All Time Low,Old Scars / Future Hearts,Future Hearts,https://music.youtube.com/watch?v=LELbNd_HMv8list=PLzx7xtGqjNzoahrq-AQmO7DHbJZtGqZUC,False
All Time Low,Canals,Don't Panic: It's Longer Now!,https://music.youtube.com/watch?v=9In3YXTvUYclist=PLzx7xtGqjNzoahrq-AQmO7DHbJZtGqZUC,False
The Red Jumpsuit Apparatus,Face Down,Don't You Fake It,https://music.youtube.com/watch?v=eEpbE2UJXcUlist=PLzx7xtGqjNzoahrq-AQmO7DHbJZtGqZUC,False
State Champs,Secrets,Around the World and Back,https://music.youtube.com/watch?v=X5348FxrIvIlist=PLzx7xtGqjNzoahrq-AQmO7DHbJZtGqZUC,False
Panic! At The Disco,Girls / Girls / Boys,"Too Weird To Live, Too Rare To Die!",https://music.youtube.com/watch?v=ij5Y2hzopKAlist=PLzx7xtGqjNzoahrq-AQmO7DHbJZtGqZUC,False
A Day To Remember,Since U Been Gone,For Those Who Have Heart,https://music.youtube.com/watch?v=3m3sVkunHvAlist=PLzx7xtGqjNzoahrq-AQmO7DHbJZtGqZUC,False
Story Of The Year,Until the Day I Die,Page Avenue (US Non-PA Version),https://music.youtube.com/watch?v=EnNAJ6QAfBglist=PLzx7xtGqjNzoahrq-AQmO7DHbJZtGqZUC,False
All Time Low,Something's Gotta Give,Future Hearts,https://music.youtube.com/watch?v=dtrb0aav0o4list=PLzx7xtGqjNzoahrq-AQmO7DHbJZtGqZUC,False
Pierce The Veil,Props & Mayhem,Collide with the Sky,https://music.youtube.com/watch?v=7XmjdUkRyTUlist=PLzx7xtGqjNzoahrq-AQmO7DHbJZtGqZUC,False
Pierce The Veil,The First Punch,Collide with the Sky,https://music.youtube.com/watch?v=OTQZCdScu0Qlist=PLzx7xtGqjNzoahrq-AQmO7DHbJZtGqZUC,False
Flyleaf,All Around Me,Flyleaf,https://music.youtube.com/watch?v=c4Z2rVY8i6Ylist=PLzx7xtGqjNzoahrq-AQmO7DHbJZtGqZUC,False
iann dior,Sick and Tired (feat. Machine Gun Kelly & Travis Barker),Sick and Tired,https://music.youtube.com/watch?v=patfta-HSc0list=PLzx7xtGqjNzoahrq-AQmO7DHbJZtGqZUC,False
Ansel Elgort,Supernova,Supernova,https://music.youtube.com/watch?v=P4WNY_XAOBQlist=PLzx7xtGqjNzoahrq-AQmO7DHbJZtGqZUC,False
Post Malone,Goodbyes (feat. Young Thug),Hollywood's Bleeding,https://music.youtube.com/watch?v=YgKDE5eYNqclist=PLzx7xtGqjNzoahrq-AQmO7DHbJZtGqZUC,False
Lil Peep,Sunlight On Your Skin (Bonus Track),"Come Over When You're Sober, Pt. 2",https://music.youtube.com/watch?v=eQpZiaPVnZslist=PLzx7xtGqjNzoahrq-AQmO7DHbJZtGqZUC,False
Machine Gun Kelly,why are you here,why are you here,https://music.youtube.com/watch?v=glYPHS3wmK4list=PLzx7xtGqjNzoahrq-AQmO7DHbJZtGqZUC,False
Red Handed Denial,L'esprit De L'escalier,Stories of Old,https://music.youtube.com/watch?v=D1esczEWUSwlist=PLzx7xtGqjNzoahrq-AQmO7DHbJZtGqZUC,False
Too Close To Touch,Pretty Little Thing,Nerve Endings,https://music.youtube.com/watch?v=UTirMr-s-VYlist=PLzx7xtGqjNzoahrq-AQmO7DHbJZtGqZUC,False
Pierce The Veil,Fast Times at Clairemont High,Selfish Machines,https://music.youtube.com/watch?v=v6MsB13k_bklist=PLzx7xtGqjNzoahrq-AQmO7DHbJZtGqZUC,False
Tonight Alive,Complexes,The Other Side,https://music.youtube.com/watch?v=rwzhWMTEC4Elist=PLzx7xtGqjNzoahrq-AQmO7DHbJZtGqZUC,False
Pierce The Veil,Disasterology,Selfish Machines,https://music.youtube.com/watch?v=Oe7KNXGdKIAlist=PLzx7xtGqjNzoahrq-AQmO7DHbJZtGqZUC,False
Pierce The Veil,Besitos,Selfish Machines,https://music.youtube.com/watch?v=hSDKdZENL5Ulist=PLzx7xtGqjNzoahrq-AQmO7DHbJZtGqZUC,False
Panic! At The Disco,The Ballad of Mona Lisa,Vices & Virtues,https://music.youtube.com/watch?v=Xr1rwzTc4pQlist=PLzx7xtGqjNzoahrq-AQmO7DHbJZtGqZUC,False
Stand Atlantic,Bullfrog,Skinny Dipping,https://music.youtube.com/watch?v=4u9HWjg1YxQlist=PLzx7xtGqjNzoahrq-AQmO7DHbJZtGqZUC,False
Pierce The Veil,The New National Anthem,Selfish Machines,https://music.youtube.com/watch?v=P7dqnoNkkiMlist=PLzx7xtGqjNzoahrq-AQmO7DHbJZtGqZUC,False
All Time Low,Do You Want Me (Dead?),Dirty Work,https://music.youtube.com/watch?v=9JWYSXrTfd4list=PLzx7xtGqjNzoahrq-AQmO7DHbJZtGqZUC,False
5 Seconds Of Summer,She's Kinda Hot,Sounds Good Feels Good (Deluxe),https://music.youtube.com/watch?v=MI4DSzRCvYElist=PLzx7xtGqjNzoahrq-AQmO7DHbJZtGqZUC,False
My Chemical Romance,Teenagers,The Black Parade,https://music.youtube.com/watch?v=jLKOBJR5vHslist=PLzx7xtGqjNzoahrq-AQmO7DHbJZtGqZUC,False
Pierce The Veil,Hell Above,Collide with the Sky,https://music.youtube.com/watch?v=MyWFGvR2Gsglist=PLzx7xtGqjNzoahrq-AQmO7DHbJZtGqZUC,False
Pierce The Veil,A Match Into Water,Collide with the Sky,https://music.youtube.com/watch?v=E-yqx75OXE0list=PLzx7xtGqjNzoahrq-AQmO7DHbJZtGqZUC,False
Sleeping With Sirens,A Trophy Fathers Trophy Son,Let's Cheers To This,https://music.youtube.com/watch?v=SxM5fTRn6Z8list=PLzx7xtGqjNzoahrq-AQmO7DHbJZtGqZUC,False
All Time Low,Weightless,Nothing Personal,https://music.youtube.com/watch?v=Q-6PrQTBAa8list=PLzx7xtGqjNzoahrq-AQmO7DHbJZtGqZUC,False
Pierce The Veil,Sambuka,Misadventures,https://music.youtube.com/watch?v=3B_0WfiO7jQlist=PLzx7xtGqjNzoahrq-AQmO7DHbJZtGqZUC,False
Falling In Reverse,Pick Up The Phone,The Drug In Me Is You,https://music.youtube.com/watch?v=LAx-l-ieU9clist=PLzx7xtGqjNzoahrq-AQmO7DHbJZtGqZUC,False
Bring Me The Horizon,Drown,Drown,https://music.youtube.com/watch?v=VKWkYBpGh_Ilist=PLzx7xtGqjNzoahrq-AQmO7DHbJZtGqZUC,False
Mayday Parade,Somebody That I Used To Know (feat. Vic Fuentes),"Punk Goes Pop, Vol. 5",https://music.youtube.com/watch?v=auPs5yPOlGUlist=PLzx7xtGqjNzoahrq-AQmO7DHbJZtGqZUC,False
Youth in Revolt,There For You,Love Is A Liar's Game,https://music.youtube.com/watch?v=2d01rkGPVW8list=PLzx7xtGqjNzoahrq-AQmO7DHbJZtGqZUC,False
Ilia,My Allegiance,Reborn,https://music.youtube.com/watch?v=vCfoKqfY0Rklist=PLzx7xtGqjNzoahrq-AQmO7DHbJZtGqZUC,False
Pierce The Veil,I'm Low On Gas And You Need A Jacket,Collide with the Sky,https://music.youtube.com/watch?v=cRGqiBjnEqclist=PLzx7xtGqjNzoahrq-AQmO7DHbJZtGqZUC,False
Crown The Empire,Millennia,The Resistance: Rise Of The Runaways,https://music.youtube.com/watch?v=aBnQS__uiJIlist=PLzx7xtGqjNzoahrq-AQmO7DHbJZtGqZUC,False
Dance Gavin Dance,Death Of A Strawberry,Instant Gratification,https://music.youtube.com/watch?v=drz2C5PS49Ylist=PLzx7xtGqjNzoahrq-AQmO7DHbJZtGqZUC,False
Neck Deep,Parachute,The Peace And The Panic,https://music.youtube.com/watch?v=boo0AhpPwZklist=PLzx7xtGqjNzoahrq-AQmO7DHbJZtGqZUC,False
Ilia,Young Diaries,Reborn,https://music.youtube.com/watch?v=wJLY1xA30_glist=PLzx7xtGqjNzoahrq-AQmO7DHbJZtGqZUC,False
Carousel Kings,Dynamite,Dynamite,https://music.youtube.com/watch?v=lzlgMyNEKEslist=PLzx7xtGqjNzoahrq-AQmO7DHbJZtGqZUC,False
My Chemical Romance,Helena,Three Cheers For Sweet Revenge,https://music.youtube.com/watch?v=a_1tA0bpDQslist=PLzx7xtGqjNzoahrq-AQmO7DHbJZtGqZUC,False
Pierce The Veil,The Boy Who Could Fly,Selfish Machines,https://music.youtube.com/watch?v=RGXOvhsNAfQlist=PLzx7xtGqjNzoahrq-AQmO7DHbJZtGqZUC,False
Pierce The Veil,Bulletproof Love,Selfish Machines,https://music.youtube.com/watch?v=z_1Y8ugOG24list=PLzx7xtGqjNzoahrq-AQmO7DHbJZtGqZUC,False
Sleeping With Sirens,"If I'm James Dean, You're Audrey Hepburn",With Ears To See And Eyes To Hear,https://music.youtube.com/watch?v=scm608reCAclist=PLzx7xtGqjNzoahrq-AQmO7DHbJZtGqZUC,False
A Day To Remember,If It Means a Lot to You,Homesick,https://music.youtube.com/watch?v=VCTHUUiP3Vglist=PLzx7xtGqjNzoahrq-AQmO7DHbJZtGqZUC,False
All Time Low,A Love Like War (feat. Vic Fuentes),Don't Panic: It's Longer Now!,https://music.youtube.com/watch?v=vGo-LMiG_4glist=PLzx7xtGqjNzoahrq-AQmO7DHbJZtGqZUC,False
Pierce The Veil,The Balcony Scene,Flair for the Dramatic,https://music.youtube.com/watch?v=KL9igXGA49Ilist=PLzx7xtGqjNzoahrq-AQmO7DHbJZtGqZUC,False
Pierce The Veil,Caraphernelia,Selfish Machines,https://music.youtube.com/watch?v=NbB4gi3hoGIlist=PLzx7xtGqjNzoahrq-AQmO7DHbJZtGqZUC,False
Pierce The Veil,King For A Day (feat. Kellin Quinn),King For A Day,https://music.youtube.com/watch?v=8SvJXSyPNXslist=PLzx7xtGqjNzoahrq-AQmO7DHbJZtGqZUC,False
Yours Truly,Paralysed,Too Late for Apologies,https://music.youtube.com/watch?v=UTcHEbE8OYolist=PLzx7xtGqjNzoahrq-AQmO7DHbJZtGqZUC,False
Pierce The Veil,Circles,Misadventures,https://music.youtube.com/watch?v=Sx4MkMEX4Z0list=PLzx7xtGqjNzoahrq-AQmO7DHbJZtGqZUC,False
Stellar,Ashes,Ashes,https://music.youtube.com/watch?v=j0ThAwIIrDolist=PLzx7xtGqjNzoahrq-AQmO7DHbJZtGqZUC,False
Machine Gun Kelly,I Think I'm OKAY,Hotel Diablo,https://music.youtube.com/watch?v=zozdDYOateQlist=PLzx7xtGqjNzoahrq-AQmO7DHbJZtGqZUC,False
$uicideboy$,$outh $ide $uicide,Rap Game Stars,https://music.youtube.com/watch?v=WBeCxpk797Ulist=PLzx7xtGqjNzoahrq-AQmO7DHbJZtGqZUC,False
Mac Miller,Self Care,Swimming,https://music.youtube.com/watch?v=rn4mVQswfNglist=PLzx7xtGqjNzoahrq-AQmO7DHbJZtGqZUC,False
$uicideboy$,Cold Turkey,$outh $ide $uicide,https://music.youtube.com/watch?v=noVvSQjhbGIlist=PLzx7xtGqjNzoahrq-AQmO7DHbJZtGqZUC,False
$uicideboy$,Muddy Blunts,$outh $ide $uicide,https://music.youtube.com/watch?v=bM0caHtF2e8list=PLzx7xtGqjNzoahrq-AQmO7DHbJZtGqZUC,False
$uicideboy$,My Flaws Burn Through My Skin Like Demonic Flames from Hell,I No Longer Fear the Razor Guarding My Heel,https://music.youtube.com/watch?v=S0KAAsanVmslist=PLzx7xtGqjNzoahrq-AQmO7DHbJZtGqZUC,False
NF,Time (Edit),The Search,https://music.youtube.com/watch?v=AG9VwA7ByGElist=PLzx7xtGqjNzoahrq-AQmO7DHbJZtGqZUC,False
NF,Let You Down,Perception,https://music.youtube.com/watch?v=-z2nfin2hiIlist=PLzx7xtGqjNzoahrq-AQmO7DHbJZtGqZUC,False
NF,The Search,The Search,https://music.youtube.com/watch?v=Zh9p-6JfrSolist=PLzx7xtGqjNzoahrq-AQmO7DHbJZtGqZUC,False
NF,When I Grow Up,,https://music.youtube.com/watch?v=lxRwEPvL-mQlist=PLzx7xtGqjNzoahrq-AQmO7DHbJZtGqZUC,False
Iron Maiden,Wasted Years,Somewhere in Time,https://music.youtube.com/watch?v=ULsr-fFVjVslist=PLzx7xtGqjNzoahrq-AQmO7DHbJZtGqZUC,False
Rage Against The Machine,Bulls On Parade,Evil Empire,https://music.youtube.com/watch?v=DvdeE6KzrTclist=PLzx7xtGqjNzoahrq-AQmO7DHbJZtGqZUC,False
Sabaton,Bismarck,Bismarck,https://music.youtube.com/watch?v=n4zAyyh5VLolist=PLzx7xtGqjNzoahrq-AQmO7DHbJZtGqZUC,False
Slipknot,Unsainted,We Are Not Your Kind,https://music.youtube.com/watch?v=XYZue7_NQewlist=PLzx7xtGqjNzoahrq-AQmO7DHbJZtGqZUC,False
OTHERWISE,Halo,Halo,https://music.youtube.com/watch?v=d5uqxT-uQB0list=PLzx7xtGqjNzoahrq-AQmO7DHbJZtGqZUC,False
The Pretty Reckless,Going To Hell,Going To Hell,https://music.youtube.com/watch?v=xqia2At2rXolist=PLzx7xtGqjNzoahrq-AQmO7DHbJZtGqZUC,False
Linkin Park,Bleed It Out,Minutes To Midnight (Deluxe),https://music.youtube.com/watch?v=83QdkHypPF8list=PLzx7xtGqjNzoahrq-AQmO7DHbJZtGqZUC,False
Halestorm,I Miss the Misery,The Strange Case Of...,https://music.youtube.com/watch?v=hComisqDS1Ilist=PLzx7xtGqjNzoahrq-AQmO7DHbJZtGqZUC,False
Disturbed,Indestructible,Indestructible (Deluxe Digital Release),https://music.youtube.com/watch?v=kjRWG0tKD4Alist=PLzx7xtGqjNzoahrq-AQmO7DHbJZtGqZUC,False
Breaking Benjamin,I Will Not Bow,Dear Agony,https://music.youtube.com/watch?v=m32Bn0HJ8xwlist=PLzx7xtGqjNzoahrq-AQmO7DHbJZtGqZUC,False
Alien Ant Farm,Smooth Criminal,ANThology,https://music.youtube.com/watch?v=mjXRapctp6klist=PLzx7xtGqjNzoahrq-AQmO7DHbJZtGqZUC,False
Bring Me The Horizon,Parasite Eve,POST HUMAN: SURVIVAL HORROR,https://music.youtube.com/watch?v=GbiB9BBs_qklist=PLzx7xtGqjNzoahrq-AQmO7DHbJZtGqZUC,False
The Offspring,Self Esteem,Smash (2008 Remaster),https://music.youtube.com/watch?v=7ifeDVAE_Zglist=PLzx7xtGqjNzoahrq-AQmO7DHbJZtGqZUC,False
Metallica,One,…And Justice for All,https://music.youtube.com/watch?v=tyBiHyazMOclist=PLzx7xtGqjNzoahrq-AQmO7DHbJZtGqZUC,False
AC/DC,Highway to Hell,Highway to Hell,https://music.youtube.com/watch?v=ikFFVfObwsslist=PLzx7xtGqjNzoahrq-AQmO7DHbJZtGqZUC,False
Blue October,Hate Me,Foiled,https://music.youtube.com/watch?v=1N18VIb-qr0list=PLzx7xtGqjNzoahrq-AQmO7DHbJZtGqZUC,False
Three Days Grace,Never Too Late,One-X,https://music.youtube.com/watch?v=SRbA_JzFKuAlist=PLzx7xtGqjNzoahrq-AQmO7DHbJZtGqZUC,False
Nirvana,Come As You Are,Nevermind (Deluxe Edition),https://music.youtube.com/watch?v=f1IdyrhOrGslist=PLzx7xtGqjNzoahrq-AQmO7DHbJZtGqZUC,False
Linkin Park,Somewhere I Belong,Meteora,https://music.youtube.com/watch?v=3p8RUuc5W-Mlist=PLzx7xtGqjNzoahrq-AQmO7DHbJZtGqZUC,False
The Black Keys,Lonely Boy,El Camino,https://music.youtube.com/watch?v=9DYPfItb2fklist=PLzx7xtGqjNzoahrq-AQmO7DHbJZtGqZUC,False
Seether,Fake It,Finding Beauty In Negative Spaces (Bonus Track Version),https://music.youtube.com/watch?v=akoYOyky_3clist=PLzx7xtGqjNzoahrq-AQmO7DHbJZtGqZUC,False
Metallica,Enter Sandman,Metallica,https://music.youtube.com/watch?v=YxRxd8aNd6Ilist=PLzx7xtGqjNzoahrq-AQmO7DHbJZtGqZUC,False
Nirvana,Smells Like Teen Spirit,Nevermind,https://music.youtube.com/watch?v=NKhzPgaygmAlist=PLzx7xtGqjNzoahrq-AQmO7DHbJZtGqZUC,False
Oasis,Wonderwall,(What's The Story) Morning Glory? (Remastered),https://music.youtube.com/watch?v=ZrOKjDZOtkAlist=PLzx7xtGqjNzoahrq-AQmO7DHbJZtGqZUC,False
My Chemical Romance,Welcome to the Black Parade,The Black Parade,https://music.youtube.com/watch?v=v_uncMEJkBclist=PLzx7xtGqjNzoahrq-AQmO7DHbJZtGqZUC,False
Nickelback,How You Remind Me,Silver Side Up,https://music.youtube.com/watch?v=tcig6XUIp5clist=PLzx7xtGqjNzoahrq-AQmO7DHbJZtGqZUC,False
Fall Out Boy,"This Ain't A Scene, It's An Arms Race",Infinity On High,https://music.youtube.com/watch?v=Qw1Vg0kesgglist=PLzx7xtGqjNzoahrq-AQmO7DHbJZtGqZUC,False
Rise Against,Help Is On The Way,Endgame,https://music.youtube.com/watch?v=NNWaHH9W-HAlist=PLzx7xtGqjNzoahrq-AQmO7DHbJZtGqZUC,False
Anti-Flag,American Attraction,American Fall,https://music.youtube.com/watch?v=at-r8rMlwVIlist=PLzx7xtGqjNzoahrq-AQmO7DHbJZtGqZUC,False
Rise Against,Savior,Appeal To Reason,https://music.youtube.com/watch?v=vbMh38KGZMMlist=PLzx7xtGqjNzoahrq-AQmO7DHbJZtGqZUC,False
Rise Against,Make It Stop (September's Children),Endgame,https://music.youtube.com/watch?v=SIGqnneLUWclist=PLzx7xtGqjNzoahrq-AQmO7DHbJZtGqZUC,False
Rise Against,Satellite,Endgame,https://music.youtube.com/watch?v=KCffKIZV82wlist=PLzx7xtGqjNzoahrq-AQmO7DHbJZtGqZUC,False
Billy Talent,Tears into Wine,Billy Talent III,https://music.youtube.com/watch?v=sCb9thSVG9Elist=PLzx7xtGqjNzoahrq-AQmO7DHbJZtGqZUC,False
Good Charlotte,The River,Good Morning Revival,https://music.youtube.com/watch?v=5oivLoplnOclist=PLzx7xtGqjNzoahrq-AQmO7DHbJZtGqZUC,False
AFI,Miss Murder,Decemberunderground,https://music.youtube.com/watch?v=aviGAyS9TGslist=PLzx7xtGqjNzoahrq-AQmO7DHbJZtGqZUC,False
Rush,Tom Sawyer,Moving Pictures,https://music.youtube.com/watch?v=qE6FHuXb1xglist=PLzx7xtGqjNzoahrq-AQmO7DHbJZtGqZUC,False
Forest Blaster,Guitar Hero III (#45) Eric Johnson - Cliffs Of Dover,,https://music.youtube.com/watch?v=rR_qGzIhgfwlist=PLzx7xtGqjNzoahrq-AQmO7DHbJZtGqZUC,False
Forest Blaster,Guitar Hero III (#33) Santana - Black Magic Woman,,https://music.youtube.com/watch?v=bOoQPPbBv_glist=PLzx7xtGqjNzoahrq-AQmO7DHbJZtGqZUC,False
Forest Blaster,Guitar Hero III (#32) Bloc Party - Helicopter,,https://music.youtube.com/watch?v=55vBLOlbnLUlist=PLzx7xtGqjNzoahrq-AQmO7DHbJZtGqZUC,False
Forest Blaster,Guitar Hero III (#24) Pearl Jam - Even Flow,,https://music.youtube.com/watch?v=UDrbZCANuBAlist=PLzx7xtGqjNzoahrq-AQmO7DHbJZtGqZUC,False
Forest Blaster,Guitar Hero III (#17) Priestess - Lay Down,,https://music.youtube.com/watch?v=XsyIPVuYP0Mlist=PLzx7xtGqjNzoahrq-AQmO7DHbJZtGqZUC,False
Forest Blaster,Guitar Hero III (#8) Alice Cooper - School's Out (WaveGroup),,https://music.youtube.com/watch?v=mQ8vwH1MLpIlist=PLzx7xtGqjNzoahrq-AQmO7DHbJZtGqZUC,False
Forest Blaster,Guitar Hero III (#2) Poison - Talk Dirty To Me,,https://music.youtube.com/watch?v=snkgEm8rM_Ylist=PLzx7xtGqjNzoahrq-AQmO7DHbJZtGqZUC,False
Breaking Benjamin,Here We Are,Phobia,https://music.youtube.com/watch?v=eYIjCO94EGMlist=PLzx7xtGqjNzoahrq-AQmO7DHbJZtGqZUC,False
Breaking Benjamin,Into The Nothing,Dear Agony,https://music.youtube.com/watch?v=UGexW-k3wA8list=PLzx7xtGqjNzoahrq-AQmO7DHbJZtGqZUC,False
Breaking Benjamin,Give Me A Sign,Dear Agony,https://music.youtube.com/watch?v=lnS_vLW6lJ0list=PLzx7xtGqjNzoahrq-AQmO7DHbJZtGqZUC,False
Breaking Benjamin,The Diary of Jane (Single Version),Phobia,https://music.youtube.com/watch?v=pcAKbKUBUOQlist=PLzx7xtGqjNzoahrq-AQmO7DHbJZtGqZUC,False
Breaking Benjamin,Dance With The Devil,Phobia,https://music.youtube.com/watch?v=IN_FFmeQAC0list=PLzx7xtGqjNzoahrq-AQmO7DHbJZtGqZUC,False
Our Last Night,Sunrise,Sunrise,https://music.youtube.com/watch?v=6y3Ic132H4Ilist=PLzx7xtGqjNzoahrq-AQmO7DHbJZtGqZUC,False
STARSET,My Demons,Transmissions (Deluxe Version),https://music.youtube.com/watch?v=VrJsdm0WoXUlist=PLzx7xtGqjNzoahrq-AQmO7DHbJZtGqZUC,False
STARSET,DIE FOR YOU,,https://music.youtube.com/watch?v=WJxSNbAer9Mlist=PLzx7xtGqjNzoahrq-AQmO7DHbJZtGqZUC,False
Polyphia,Nasty (feat. Jason Richardson),New Levels New Devils,https://music.youtube.com/watch?v=2w9hxLYIfO4list=PLzx7xtGqjNzoahrq-AQmO7DHbJZtGqZUC,False
Polyphia,O.D.,New Levels New Devils,https://music.youtube.com/watch?v=8lFq5HTKbPUlist=PLzx7xtGqjNzoahrq-AQmO7DHbJZtGqZUC,False
Papa Roach,Face Everything And Rise,F.E.A.R.,https://music.youtube.com/watch?v=tLkxJR2qHoAlist=PLzx7xtGqjNzoahrq-AQmO7DHbJZtGqZUC,False
Architects,Doomsday,Holy Hell,https://music.youtube.com/watch?v=MNynO3MpNMglist=PLzx7xtGqjNzoahrq-AQmO7DHbJZtGqZUC,False
Bad Omens,The Worst In Me,Bad Omens,https://music.youtube.com/watch?v=KnqQh4kyUQMlist=PLzx7xtGqjNzoahrq-AQmO7DHbJZtGqZUC,False
Architects,Animals,For Those That Wish To Exist,https://music.youtube.com/watch?v=XkYPPUK5joslist=PLzx7xtGqjNzoahrq-AQmO7DHbJZtGqZUC,False
Motionless In White,Another Life,Disguise,https://music.youtube.com/watch?v=d0cN19NIl-Mlist=PLzx7xtGqjNzoahrq-AQmO7DHbJZtGqZUC,False
Zero 9:36,The End,The End,https://music.youtube.com/watch?v=jtGxB0bZvVMlist=PLzx7xtGqjNzoahrq-AQmO7DHbJZtGqZUC,False
Hollywood Undead,Your Life,Five,https://music.youtube.com/watch?v=NG9t-st72XUlist=PLzx7xtGqjNzoahrq-AQmO7DHbJZtGqZUC,False
I Prevail,Come And Get It,Lifelines,https://music.youtube.com/watch?v=tGGwFvf1RtElist=PLzx7xtGqjNzoahrq-AQmO7DHbJZtGqZUC,False
I Prevail,Alone,Lifelines,https://music.youtube.com/watch?v=jkE49imdYnUlist=PLzx7xtGqjNzoahrq-AQmO7DHbJZtGqZUC,False
I Prevail,Scars,Lifelines,https://music.youtube.com/watch?v=klQk67f1eiclist=PLzx7xtGqjNzoahrq-AQmO7DHbJZtGqZUC,False
Sleeping With Sirens,Alone (feat. MGK),Feel,https://music.youtube.com/watch?v=lga8SAENylMlist=PLzx7xtGqjNzoahrq-AQmO7DHbJZtGqZUC,False
Pierce The Veil,Bulls In The Bronx,Collide with the Sky,https://music.youtube.com/watch?v=MBECq3GRnY4list=PLzx7xtGqjNzoahrq-AQmO7DHbJZtGqZUC,False
All Time Low,Don't You Go,Future Hearts,https://music.youtube.com/watch?v=YxOp9MhUFpolist=PLzx7xtGqjNzoahrq-AQmO7DHbJZtGqZUC,False
Yours Truly,Afterglow,Afterglow,https://music.youtube.com/watch?v=zW5csD63oW8list=PLzx7xtGqjNzoahrq-AQmO7DHbJZtGqZUC,False
Yours Truly,Vivid Dream,Self Care,https://music.youtube.com/watch?v=xGuHWJBap4Alist=PLzx7xtGqjNzoahrq-AQmO7DHbJZtGqZUC,False
Stand Atlantic,Cigarette Kiss,Skinny Dipping,https://music.youtube.com/watch?v=DaggzbLe5lslist=PLzx7xtGqjNzoahrq-AQmO7DHbJZtGqZUC,False
Lil Peep,Gym Class,Gym Class,https://music.youtube.com/watch?v=eKWgNfzUua0list=PLzx7xtGqjNzoahrq-AQmO7DHbJZtGqZUC,False
Yours Truly,Composure,Composure,https://music.youtube.com/watch?v=WcOWgYnIr2Ylist=PLzx7xtGqjNzoahrq-AQmO7DHbJZtGqZUC,False
Yours Truly,Together,Together,https://music.youtube.com/watch?v=ZU2FERvUErUlist=PLzx7xtGqjNzoahrq-AQmO7DHbJZtGqZUC,False
Yours Truly,Funeral Home,Self Care,https://music.youtube.com/watch?v=g6J5U_wiMK8list=PLzx7xtGqjNzoahrq-AQmO7DHbJZtGqZUC,False
Yours Truly,Siamese Souls,Self Care,https://music.youtube.com/watch?v=ci8EsXhQITAlist=PLzx7xtGqjNzoahrq-AQmO7DHbJZtGqZUC,False
Machine Gun Kelly,my ex's best friend,Tickets To My Downfall,https://music.youtube.com/watch?v=umfi3r2tk6Qlist=PLzx7xtGqjNzoahrq-AQmO7DHbJZtGqZUC,False
Machine Gun Kelly,forget me too,Tickets To My Downfall,https://music.youtube.com/watch?v=88iAXJGvl3Alist=PLzx7xtGqjNzoahrq-AQmO7DHbJZtGqZUC,False
Machine Gun Kelly,drunk face,Tickets To My Downfall,https://music.youtube.com/watch?v=Ae20mQtGuTElist=PLzx7xtGqjNzoahrq-AQmO7DHbJZtGqZUC,False
Machine Gun Kelly,el Diablo,Hotel Diablo,https://music.youtube.com/watch?v=wz1PtBEUxPQlist=PLzx7xtGqjNzoahrq-AQmO7DHbJZtGqZUC,False
Machine Gun Kelly,Hollywood Whore,Hotel Diablo,https://music.youtube.com/watch?v=YkGo6aK968Alist=PLzx7xtGqjNzoahrq-AQmO7DHbJZtGqZUC,False
Machine Gun Kelly,Waste Love (feat. Madison Love),Hotel Diablo,https://music.youtube.com/watch?v=mWLZcfmpOyclist=PLzx7xtGqjNzoahrq-AQmO7DHbJZtGqZUC,False
Machine Gun Kelly,Glass House (feat. Naomi Wild),Hotel Diablo,https://music.youtube.com/watch?v=LFKP9LXLRG8list=PLzx7xtGqjNzoahrq-AQmO7DHbJZtGqZUC,False
Machine Gun Kelly,bloody valentine,Tickets To My Downfall,https://music.youtube.com/watch?v=RKwpWqOrSA8list=PLzx7xtGqjNzoahrq-AQmO7DHbJZtGqZUC,False
Evangelion,Nobody Forgets,Things to Do Before Dying,https://music.youtube.com/watch?v=mmml6fDPJ2Ulist=PLzx7xtGqjNzoahrq-AQmO7DHbJZtGqZUC,False
Yours Truly,Circles,Circles,https://music.youtube.com/watch?v=T9gtPPLXgsUlist=PLzx7xtGqjNzoahrq-AQmO7DHbJZtGqZUC,False
System Of A Down,Chop Suey!,,https://music.youtube.com/watch?v=CSvFpBOe8eYlist=PLzx7xtGqjNzoahrq-AQmO7DHbJZtGqZUC,False
Pierce The Veil,Besitos,Selfish Machines,https://music.youtube.com/watch?v=fn3s9vHzOAIlist=PLzx7xtGqjNzoahrq-AQmO7DHbJZtGqZUC,False
Fearless Records,Pierce The Veil - Floral & Fading (Official Music Video),,https://music.youtube.com/watch?v=t8puVdocLLclist=PLzx7xtGqjNzoahrq-AQmO7DHbJZtGqZUC,False
i'm cyborg but that's ok,CASTLEBEAT - Change Your Mind,,https://music.youtube.com/watch?v=fJ5U3Q3PZ4slist=PLzx7xtGqjNzoahrq-AQmO7DHbJZtGqZUC,False
Pierce The Veil,Bulls in the Bronx,,https://music.youtube.com/watch?v=WumCI56iYUklist=PLzx7xtGqjNzoahrq-AQmO7DHbJZtGqZUC,False
Pierce The Veil,King for a Day (feat. Kellin Quinn),,https://music.youtube.com/watch?v=icXUkIfZxyglist=PLzx7xtGqjNzoahrq-AQmO7DHbJZtGqZUC,False
Fede973,Fanfarlo - I'm A Pilot -,,https://music.youtube.com/watch?v=dt4tj8TtXTclist=PLzx7xtGqjNzoahrq-AQmO7DHbJZtGqZUC,False
chtiteaxelle,Black Rebel Motorcycle Club - Conscience Killer,,https://music.youtube.com/watch?v=PY4Cor3mTuAlist=PLzx7xtGqjNzoahrq-AQmO7DHbJZtGqZUC,False
Maia Klaassen,brothers martin - the missionary,,https://music.youtube.com/watch?v=MtOTuv3wMX0list=PLzx7xtGqjNzoahrq-AQmO7DHbJZtGqZUC,False
Kirikoulevaillant,Diamond Hoo Ha Man - Supergrass,,https://music.youtube.com/watch?v=1SDub0HpYDclist=PLzx7xtGqjNzoahrq-AQmO7DHbJZtGqZUC,False
carolesdaughter,Violent,,https://music.youtube.com/watch?v=KJbsw_rliL8list=PLzx7xtGqjNzoahrq-AQmO7DHbJZtGqZUC,False
Lorde,"Homemade Dynamite (feat. Khalid, Post Malone & SZA)",,https://music.youtube.com/watch?v=LONIThD7vO8list=PLzx7xtGqjNzoahrq-AQmO7DHbJZtGqZUC,False
Pierce The Veil,Hell Above,,https://music.youtube.com/watch?v=wq0mbynj4_klist=PLzx7xtGqjNzoahrq-AQmO7DHbJZtGqZUC,False
YUNGBLUD,Loner,,https://music.youtube.com/watch?v=1kfALLjeND4list=PLzx7xtGqjNzoahrq-AQmO7DHbJZtGqZUC,False
Fountains Of Wayne,Stacy's Mom,Welcome Interstate Managers,https://music.youtube.com/watch?v=sT_hnNDstnElist=PLzx7xtGqjNzoahrq-AQmO7DHbJZtGqZUC,False
Smash Into Pieces,Let Me Be Your Superhero,,https://music.youtube.com/watch?v=SeInLlD_-7olist=PLzx7xtGqjNzoahrq-AQmO7DHbJZtGqZUC,False
Yours Truly,Composure,,https://music.youtube.com/watch?v=BB_8YdRC-ZQlist=PLzx7xtGqjNzoahrq-AQmO7DHbJZtGqZUC,False
Pierce The Veil,Dive In,,https://music.youtube.com/watch?v=fcsnCq-azSslist=PLzx7xtGqjNzoahrq-AQmO7DHbJZtGqZUC,False
Silent Theory,Fragile Minds,,https://music.youtube.com/watch?v=p-e1GbPb3f8list=PLzx7xtGqjNzoahrq-AQmO7DHbJZtGqZUC,False
Dreambound,Saviour - Never Sleep (OFFICIAL MUSIC VIDEO),,https://music.youtube.com/watch?v=shRuR-XeEHclist=PLzx7xtGqjNzoahrq-AQmO7DHbJZtGqZUC,False
Our Mirage,The Unknown,,https://music.youtube.com/watch?v=36j03cY1SIwlist=PLzx7xtGqjNzoahrq-AQmO7DHbJZtGqZUC,False
Bring Me the Horizon,Teardrops,,https://music.youtube.com/watch?v=L5uV3gmOH9glist=PLzx7xtGqjNzoahrq-AQmO7DHbJZtGqZUC,False
The Offspring,"You're Gonna Go Far, Kid","Rise And Fall, Rage And Grace",https://music.youtube.com/watch?v=weqK155M_4olist=PLzx7xtGqjNzoahrq-AQmO7DHbJZtGqZUC,False
Against The Current,Gravity,,https://music.youtube.com/watch?v=S34KpOAgyTglist=PLzx7xtGqjNzoahrq-AQmO7DHbJZtGqZUC,False
All Time Low,Monsters (feat. Blackbear),,https://music.youtube.com/watch?v=NlnwXIigAAslist=PLzx7xtGqjNzoahrq-AQmO7DHbJZtGqZUC,False
Neck Deep,December (again) [feat. Mark Hoppus],,https://music.youtube.com/watch?v=EQPcKe0LDdQlist=PLzx7xtGqjNzoahrq-AQmO7DHbJZtGqZUC,False
I Prevail,Hurricane,,https://music.youtube.com/watch?v=zhMt7kvgzRMlist=PLzx7xtGqjNzoahrq-AQmO7DHbJZtGqZUC,False
Too Close to Touch,Nerve Endings,,https://music.youtube.com/watch?v=8No28NDPEJclist=PLzx7xtGqjNzoahrq-AQmO7DHbJZtGqZUC,False
Yours Truly,Delusional Paradise (feat. Jake Wilson),,https://music.youtube.com/watch?v=GZ_87b18Isolist=PLzx7xtGqjNzoahrq-AQmO7DHbJZtGqZUC,False
Yours Truly,Heartsleeve,,https://music.youtube.com/watch?v=QmnmWT-iKtYlist=PLzx7xtGqjNzoahrq-AQmO7DHbJZtGqZUC,False
Yours Truly,Siamese Souls,,https://music.youtube.com/watch?v=QFtPfC2fdCIlist=PLzx7xtGqjNzoahrq-AQmO7DHbJZtGqZUC,False
Yours Truly,Funeral Home,,https://music.youtube.com/watch?v=3zXFwrk1irwlist=PLzx7xtGqjNzoahrq-AQmO7DHbJZtGqZUC,False
Yours Truly,Yours Truly - Strangers (Music Video),,https://music.youtube.com/watch?v=AzQJQjzYUb8list=PLzx7xtGqjNzoahrq-AQmO7DHbJZtGqZUC,False
Yours Truly,Afterglow,,https://music.youtube.com/watch?v=cmuGwcrR6R0list=PLzx7xtGqjNzoahrq-AQmO7DHbJZtGqZUC,False
Paramore,Ignorance,Brand New Eyes,https://music.youtube.com/watch?v=5Vy5tSWv93olist=PLzx7xtGqjNzoahrq-AQmO7DHbJZtGqZUC,False
Thousand Foot Krutch,Welcome To The Masquerade,Welcome To The Masquerade,https://music.youtube.com/watch?v=o42iwnSYRlglist=PLzx7xtGqjNzoahrq-AQmO7DHbJZtGqZUC,False
Thousand Foot Krutch,E For Extinction,Welcome To The Masquerade,https://music.youtube.com/watch?v=ytO2Ymslc9clist=PLzx7xtGqjNzoahrq-AQmO7DHbJZtGqZUC,False
Skillet,Whispers in the Dark,Comatose,https://music.youtube.com/watch?v=chrPjWPG-nklist=PLzx7xtGqjNzoahrq-AQmO7DHbJZtGqZUC,False
Skillet,Falling Inside the Black,Comatose,https://music.youtube.com/watch?v=_lXUXITUp0olist=PLzx7xtGqjNzoahrq-AQmO7DHbJZtGqZUC,False
Three Days Grace,Time of Dying,One-X,https://music.youtube.com/watch?v=05wXNKzOkRMlist=PLzx7xtGqjNzoahrq-AQmO7DHbJZtGqZUC,False
STARSET,My Demons,Transmissions,https://music.youtube.com/watch?v=Or9FqF0qZBslist=PLzx7xtGqjNzoahrq-AQmO7DHbJZtGqZUC,False
Thousand Foot Krutch,War of Change,The End Is Where We Begin,https://music.youtube.com/watch?v=8onXlXfbOXslist=PLzx7xtGqjNzoahrq-AQmO7DHbJZtGqZUC,False
Thousand Foot Krutch,Courtesy Call,The End Is Where We Begin,https://music.youtube.com/watch?v=V0yL4MODEcQlist=PLzx7xtGqjNzoahrq-AQmO7DHbJZtGqZUC,False
Dire Straits,Sultans of Swing - Video Version,,https://music.youtube.com/watch?v=h0ffIJ7ZO4Ulist=PLzx7xtGqjNzoahrq-AQmO7DHbJZtGqZUC,False
Billy Talent,Fallen Leaves,,https://music.youtube.com/watch?v=9BXNKyoW_Owlist=PLzx7xtGqjNzoahrq-AQmO7DHbJZtGqZUC,False
Billy Talent,This Is Our War,Afraid of Heights (Deluxe Version),https://music.youtube.com/watch?v=g4CIHLRu0NIlist=PLzx7xtGqjNzoahrq-AQmO7DHbJZtGqZUC,False
Billy Talent,February Winds,Afraid of Heights (Deluxe Version),https://music.youtube.com/watch?v=k8dhzLET2_Ilist=PLzx7xtGqjNzoahrq-AQmO7DHbJZtGqZUC,False
Good Charlotte,Lifestyles of the Rich & Famous,The Young And The Hopeless,https://music.youtube.com/watch?v=mGrufrND1m0list=PLzx7xtGqjNzoahrq-AQmO7DHbJZtGqZUC,False
Rise Against,The Violence,Wolves,https://music.youtube.com/watch?v=SGHHc1jebYklist=PLzx7xtGqjNzoahrq-AQmO7DHbJZtGqZUC,False
Rise Against,House On Fire,Wolves,https://music.youtube.com/watch?v=ZuKBM_rh11Alist=PLzx7xtGqjNzoahrq-AQmO7DHbJZtGqZUC,False
Billy Talent,Standing in the Rain,Billy Talent,https://music.youtube.com/watch?v=dJqNAoQsNwolist=PLzx7xtGqjNzoahrq-AQmO7DHbJZtGqZUC,False
Billy Talent,Saint Veronika,,https://music.youtube.com/watch?v=XYr5IC-mGi4list=PLzx7xtGqjNzoahrq-AQmO7DHbJZtGqZUC,False
Billy Talent,Cure for the Enemy,Dead Silence,https://music.youtube.com/watch?v=aRvBdZ0PkVolist=PLzx7xtGqjNzoahrq-AQmO7DHbJZtGqZUC,False
Billy Talent,Dead Silence,Dead Silence,https://music.youtube.com/watch?v=ElGTgdLAknYlist=PLzx7xtGqjNzoahrq-AQmO7DHbJZtGqZUC,False
Billy Talent,River Below,Billy Talent,https://music.youtube.com/watch?v=BnzrtuhPdnIlist=PLzx7xtGqjNzoahrq-AQmO7DHbJZtGqZUC,False
Avril Lavigne,Sk8er Boi,,https://music.youtube.com/watch?v=TIy3n2b7V9klist=PLzx7xtGqjNzoahrq-AQmO7DHbJZtGqZUC,False
Paramore,That's What You Get,,https://music.youtube.com/watch?v=1kz6hNDlEEglist=PLzx7xtGqjNzoahrq-AQmO7DHbJZtGqZUC,False
We The Kings,"Check Yes, Juliet",We The Kings,https://music.youtube.com/watch?v=2EZqfRt1w44list=PLzx7xtGqjNzoahrq-AQmO7DHbJZtGqZUC,False
Jimmy Eat World,Pain,Futures,https://music.youtube.com/watch?v=EbSlCrleDgElist=PLzx7xtGqjNzoahrq-AQmO7DHbJZtGqZUC,False
Lustra,Scotty Doesn't Know,Left for Dead,https://music.youtube.com/watch?v=lcEkS9tcIjglist=PLzx7xtGqjNzoahrq-AQmO7DHbJZtGqZUC,False
Bowling For Soup,1985,1985,https://music.youtube.com/watch?v=QPrSjkGJdHMlist=PLzx7xtGqjNzoahrq-AQmO7DHbJZtGqZUC,False
Billy Talent,Reckless Paradise,Reckless Paradise,https://music.youtube.com/watch?v=GHk-gI8Nccwlist=PLzx7xtGqjNzoahrq-AQmO7DHbJZtGqZUC,False
Billy Talent,Red Flag,Red Flag (German Slimline),https://music.youtube.com/watch?v=PU0Br-luEpUlist=PLzx7xtGqjNzoahrq-AQmO7DHbJZtGqZUC,False
Billy Talent,Pins and Needles,Billy Talent II,https://music.youtube.com/watch?v=pEN1eeyXsTUlist=PLzx7xtGqjNzoahrq-AQmO7DHbJZtGqZUC,False
Foo Fighters,The Pretender,,https://music.youtube.com/watch?v=SBjQ9tuuTJQlist=PLzx7xtGqjNzoahrq-AQmO7DHbJZtGqZUC,False
The Cab,Angel With a Shotgun,Symphony Soldier,https://music.youtube.com/watch?v=Oxd6pXSYkzElist=PLzx7xtGqjNzoahrq-AQmO7DHbJZtGqZUC,False
Yellowcard,Ocean Avenue,Ocean Avenue,https://music.youtube.com/watch?v=LvyHVgocP_0list=PLzx7xtGqjNzoahrq-AQmO7DHbJZtGqZUC,False
Billy Talent,This Suffering,Billy Talent II,https://music.youtube.com/watch?v=ECo2XAGBWr4list=PLzx7xtGqjNzoahrq-AQmO7DHbJZtGqZUC,False
Billy Talent,Fallen Leaves,Billy Talent II,https://music.youtube.com/watch?v=ZEPsD4sHwGAlist=PLzx7xtGqjNzoahrq-AQmO7DHbJZtGqZUC,False
Too Close to Touch,Someday,,https://music.youtube.com/watch?v=SLscGEAAj2wlist=PLzx7xtGqjNzoahrq-AQmO7DHbJZtGqZUC,False
Too Close to Touch,Sinking So Long,,https://music.youtube.com/watch?v=n5HFbei-_0Elist=PLzx7xtGqjNzoahrq-AQmO7DHbJZtGqZUC,False
All Time Low,"Dear Maria, Count Me In","So Wrong, It's Right",https://music.youtube.com/watch?v=jDC1wP4-Wqolist=PLzx7xtGqjNzoahrq-AQmO7DHbJZtGqZUC,False
Machine Gun Kelly,bloody valentine,,https://music.youtube.com/watch?v=wSdT-SArM2Qlist=PLzx7xtGqjNzoahrq-AQmO7DHbJZtGqZUC,False
Avril Lavigne,Complicated,,https://music.youtube.com/watch?v=5NPBIwQyPWElist=PLzx7xtGqjNzoahrq-AQmO7DHbJZtGqZUC,False
Paramore,Decode,,https://music.youtube.com/watch?v=RvnkAtWcKYglist=PLzx7xtGqjNzoahrq-AQmO7DHbJZtGqZUC,False
Billy Talent,Surrender,,https://music.youtube.com/watch?v=aqP4-dUMkMclist=PLzx7xtGqjNzoahrq-AQmO7DHbJZtGqZUC,False
Too Close to Touch,Sympathy,,https://music.youtube.com/watch?v=qHbjoN3hUmklist=PLzx7xtGqjNzoahrq-AQmO7DHbJZtGqZUC,False
Too Close to Touch,Leave You Lonely,,https://music.youtube.com/watch?v=_utUbpq7Miwlist=PLzx7xtGqjNzoahrq-AQmO7DHbJZtGqZUC,False
Paramore,Still Into You,,https://music.youtube.com/watch?v=OblL026SvD4list=PLzx7xtGqjNzoahrq-AQmO7DHbJZtGqZUC,False
Flyleaf,All Around Me,,https://music.youtube.com/watch?v=xN0FFK8JSYElist=PLzx7xtGqjNzoahrq-AQmO7DHbJZtGqZUC,False
Lee,My Chemical Romance - Teenagers (lyrics),,https://music.youtube.com/watch?v=faG5mmkDbyclist=PLzx7xtGqjNzoahrq-AQmO7DHbJZtGqZUC,False
Burnout,Courtesy Call - Thousand Foot Krutch (Lyrics),,https://music.youtube.com/watch?v=hxqW1Eq0iP4list=PLzx7xtGqjNzoahrq-AQmO7DHbJZtGqZUC,False
MsImperfectt,Face Down - Red Jumpsuit Apparatus Lyrics On Screen,,https://music.youtube.com/watch?v=0LNVOreafhklist=PLzx7xtGqjNzoahrq-AQmO7DHbJZtGqZUC,False
GWLyrics,My Demons - Starset - (fan lyric video),,https://music.youtube.com/watch?v=LSvOTw8UH6slist=PLzx7xtGqjNzoahrq-AQmO7DHbJZtGqZUC,False
sweetmerci95,Cranberries Zombie  ( lyrics ),,https://music.youtube.com/watch?v=Uv5wF-E9D8Ylist=PLzx7xtGqjNzoahrq-AQmO7DHbJZtGqZUC,False
Shinedown,The Crow & The Butterfly,,https://music.youtube.com/watch?v=1B89Osfj8dglist=PLzx7xtGqjNzoahrq-AQmO7DHbJZtGqZUC,False
The Offspring,Hit That,,https://music.youtube.com/watch?v=HwRL1LNVTLIlist=PLzx7xtGqjNzoahrq-AQmO7DHbJZtGqZUC,False
The Roots,The Seed (2.0) OG Lyrics Version (feat. Cody Chesnutt),,https://music.youtube.com/watch?v=ojC0mg2hJCclist=PLzx7xtGqjNzoahrq-AQmO7DHbJZtGqZUC,False
TV On The Radio,Happy Idiot,,https://music.youtube.com/watch?v=OaKVy-FlaUAlist=PLzx7xtGqjNzoahrq-AQmO7DHbJZtGqZUC,False
TV On The Radio,Wolf Like Me,,https://music.youtube.com/watch?v=j1-xRk6llh4list=PLzx7xtGqjNzoahrq-AQmO7DHbJZtGqZUC,False
Thousand Foot Krutch,Fly on the Wall,,https://music.youtube.com/watch?v=y5A_ywn__nElist=PLzx7xtGqjNzoahrq-AQmO7DHbJZtGqZUC,False
You Me At Six,Crash,Sinners Never Sleep,https://music.youtube.com/watch?v=tVPs1Hu7fHQlist=PLzx7xtGqjNzoahrq-AQmO7DHbJZtGqZUC,False
You Me At Six,Straight to My Head,,https://music.youtube.com/watch?v=XdedNLRFlr8list=PLzx7xtGqjNzoahrq-AQmO7DHbJZtGqZUC,False
Sleeping With Sirens,If You Can't Hang,,https://music.youtube.com/watch?v=_UwWYtLWEZglist=PLzx7xtGqjNzoahrq-AQmO7DHbJZtGqZUC,False
You Me At Six,Our House (The Mess We Made),,https://music.youtube.com/watch?v=4y5bw_Jpirslist=PLzx7xtGqjNzoahrq-AQmO7DHbJZtGqZUC,False
blink-182,Adam's Song,,https://music.youtube.com/watch?v=2MRdtXWcgIwlist=PLzx7xtGqjNzoahrq-AQmO7DHbJZtGqZUC,False
blink-182,Darkside,,https://music.youtube.com/watch?v=4cbSPNZryzolist=PLzx7xtGqjNzoahrq-AQmO7DHbJZtGqZUC,False
State Champs,Where I Belong (feat. We the Kings),,https://music.youtube.com/watch?v=yiAJFa26KKUlist=PLzx7xtGqjNzoahrq-AQmO7DHbJZtGqZUC,False
Yours Truly,I Can't Feel,,https://music.youtube.com/watch?v=hxRDfVFSD3Mlist=PLzx7xtGqjNzoahrq-AQmO7DHbJZtGqZUC,False
Yours Truly,Strangers,Too Late for Apologies,https://music.youtube.com/watch?v=_P8WQ5z9WT8list=PLzx7xtGqjNzoahrq-AQmO7DHbJZtGqZUC,False
Yours Truly,High Hopes,High Hopes,https://music.youtube.com/watch?v=-5_X4SBXIoQlist=PLzx7xtGqjNzoahrq-AQmO7DHbJZtGqZUC,False
Tonight Alive,Lonely Girl,,https://music.youtube.com/watch?v=yrkfkwzChoMlist=PLzx7xtGqjNzoahrq-AQmO7DHbJZtGqZUC,False
Capital Cities,Safe And Sound,In A Tidal Wave Of Mystery (Deluxe Edition),https://music.youtube.com/watch?v=njvA03rMHx4list=PLzx7xtGqjNzoahrq-AQmO7DHbJZtGqZUC,False
lovelytheband,broken,finding it hard to smile,https://music.youtube.com/watch?v=HqiuqX-AMsAlist=PLzx7xtGqjNzoahrq-AQmO7DHbJZtGqZUC,False
MGMT,Kids,Oracular Spectacular,https://music.youtube.com/watch?v=VHb_XIql_gUlist=PLzx7xtGqjNzoahrq-AQmO7DHbJZtGqZUC,False
Jimmy Eat World,The Middle,Bleed American,https://music.youtube.com/watch?v=rubpIfLPzvUlist=PLzx7xtGqjNzoahrq-AQmO7DHbJZtGqZUC,False
Good Charlotte,The Anthem,The Young And The Hopeless,https://music.youtube.com/watch?v=kLtdJ1rM8eslist=PLzx7xtGqjNzoahrq-AQmO7DHbJZtGqZUC,False
Lit,My Own Worst Enemy,A Place In The Sun,https://music.youtube.com/watch?v=is8gGf22bWIlist=PLzx7xtGqjNzoahrq-AQmO7DHbJZtGqZUC,False
The Offspring,The Kids Aren't Alright,Americana,https://music.youtube.com/watch?v=-uQi0vJK9lklist=PLzx7xtGqjNzoahrq-AQmO7DHbJZtGqZUC,False
Three Days Grace,Get Out Alive,One-X,https://music.youtube.com/watch?v=eE29TpRjPOElist=PLzx7xtGqjNzoahrq-AQmO7DHbJZtGqZUC,False
Three Days Grace,Animal I Have Become,One-X,https://music.youtube.com/watch?v=ysho2xTWUYolist=PLzx7xtGqjNzoahrq-AQmO7DHbJZtGqZUC,False
The White Stripes,Fell in Love with a Girl,Fell in Love with a Girl,https://music.youtube.com/watch?v=1CK7v9VUBvslist=PLzx7xtGqjNzoahrq-AQmO7DHbJZtGqZUC,False
Younger Hunger,Dead Inside,,https://music.youtube.com/watch?v=WG564GILdCYlist=PLzx7xtGqjNzoahrq-AQmO7DHbJZtGqZUC,False
Abhi The Nomad,Sex n' Drugs (feat. Harrison Sands),,https://music.youtube.com/watch?v=jVsrEe464DQlist=PLzx7xtGqjNzoahrq-AQmO7DHbJZtGqZUC,False
Chelou,Halfway to Nowhere,,https://music.youtube.com/watch?v=BgP9tzt9_Z8list=PLzx7xtGqjNzoahrq-AQmO7DHbJZtGqZUC,False
French 79,Hometown,,https://music.youtube.com/watch?v=yAv5pLO37mElist=PLzx7xtGqjNzoahrq-AQmO7DHbJZtGqZUC,False
Far Caspian,Blue,Between Days,https://music.youtube.com/watch?v=Vz3Lq3AGsaMlist=PLzx7xtGqjNzoahrq-AQmO7DHbJZtGqZUC,False
Far Caspian,A Dream of You,A Dream of You,https://music.youtube.com/watch?v=CnkFFbLp2xklist=PLzx7xtGqjNzoahrq-AQmO7DHbJZtGqZUC,False
Fake Laugh,Better For Me,Better For Me,https://music.youtube.com/watch?v=2KAzYYTH2EYlist=PLzx7xtGqjNzoahrq-AQmO7DHbJZtGqZUC,False
Young Hunting,Sweet Bird,Hazel,https://music.youtube.com/watch?v=HNd5HHTqwbElist=PLzx7xtGqjNzoahrq-AQmO7DHbJZtGqZUC,False
Great Gable,Drift,GG,https://music.youtube.com/watch?v=-JjRf93wKHAlist=PLzx7xtGqjNzoahrq-AQmO7DHbJZtGqZUC,False
Mild Orange,Some Feeling,Foreplay,https://music.youtube.com/watch?v=KEum8nUzr-Ylist=PLzx7xtGqjNzoahrq-AQmO7DHbJZtGqZUC,False
Black Pistol Fire,Speak of the Devil,Deadbeat Graffiti,https://music.youtube.com/watch?v=AAWkPljINzUlist=PLzx7xtGqjNzoahrq-AQmO7DHbJZtGqZUC,False
I DONT KNOW HOW BUT THEY FOUND ME,Choke,,https://music.youtube.com/watch?v=mvJjmWTg7Qolist=PLzx7xtGqjNzoahrq-AQmO7DHbJZtGqZUC,False
I DONT KNOW HOW BUT THEY FOUND ME,Do It All The Time,,https://music.youtube.com/watch?v=hXzPxBhhmY8list=PLzx7xtGqjNzoahrq-AQmO7DHbJZtGqZUC,False
half·alive,still feel.,,https://music.youtube.com/watch?v=KOOhPfMbuIQlist=PLzx7xtGqjNzoahrq-AQmO7DHbJZtGqZUC,False
Peach Pit,Alrighty Aphrodite,Being So Normal,https://music.youtube.com/watch?v=6e3qnMmeApElist=PLzx7xtGqjNzoahrq-AQmO7DHbJZtGqZUC,False
Briston Maroney,Freakin' Out On the Interstate,Carnival,https://music.youtube.com/watch?v=__2Pui0YN_Mlist=PLzx7xtGqjNzoahrq-AQmO7DHbJZtGqZUC,False
Arctic Monkeys,505,Favourite Worst Nightmare,https://music.youtube.com/watch?v=qU9mHegkTc4list=PLzx7xtGqjNzoahrq-AQmO7DHbJZtGqZUC,False
MGMT,Electric Feel (Official HD Video),,https://music.youtube.com/watch?v=MmZexg8sxyklist=PLzx7xtGqjNzoahrq-AQmO7DHbJZtGqZUC,False
Empire of The Sun,Walking on a Dream,,https://music.youtube.com/watch?v=eimgRedLkkUlist=PLzx7xtGqjNzoahrq-AQmO7DHbJZtGqZUC,False
Empire of The Sun,Walking on a Dream,,https://music.youtube.com/watch?v=eimgRedLkkUlist=PLzx7xtGqjNzoahrq-AQmO7DHbJZtGqZUC,False
The Killers,Somebody Told Me Closed Captioned,,https://music.youtube.com/watch?v=Y5fBdpreJiUlist=PLzx7xtGqjNzoahrq-AQmO7DHbJZtGqZUC,False
Good Charlotte,Dance Floor Anthem (I Don't Want to Be in Love) - Radio Edit,,https://music.youtube.com/watch?v=YgGLl8CanQolist=PLzx7xtGqjNzoahrq-AQmO7DHbJZtGqZUC,False
AFI,"Miss Murder Long Version, Closed Captioned",,https://music.youtube.com/watch?v=YU4hhNKsPoglist=PLzx7xtGqjNzoahrq-AQmO7DHbJZtGqZUC,False
Nine Lashes,Anthem Of The Lonely,World We View,https://music.youtube.com/watch?v=-_Vb3qAjKM0list=PLzx7xtGqjNzoahrq-AQmO7DHbJZtGqZUC,False
Cult to Follow,Leave It All Behind,,https://music.youtube.com/watch?v=wNH3UVpYSSslist=PLzx7xtGqjNzoahrq-AQmO7DHbJZtGqZUC,False
Breaking Benjamin,The Diary of Jane,,https://music.youtube.com/watch?v=DWaB4PXCwFUlist=PLzx7xtGqjNzoahrq-AQmO7DHbJZtGqZUC,False
Thousand Foot Krutch,Courtesy Call,,https://music.youtube.com/watch?v=ocpDEOXABWglist=PLzx7xtGqjNzoahrq-AQmO7DHbJZtGqZUC,False
Thousand Foot Krutch,Be Somebody,,https://music.youtube.com/watch?v=PGSvITdmrXMlist=PLzx7xtGqjNzoahrq-AQmO7DHbJZtGqZUC,False
Burnout,Be Somebody - Thousand Foot Krutch (Lyrics),,https://music.youtube.com/watch?v=3L3R0o3PEyQlist=PLzx7xtGqjNzoahrq-AQmO7DHbJZtGqZUC,False
Machine Gun Kelly,5:3666 (feat. phem),Hotel Diablo,https://music.youtube.com/watch?v=jiU7i2surR8list=PLzx7xtGqjNzoahrq-AQmO7DHbJZtGqZUC,False
Paramore,Misery Business,,https://music.youtube.com/watch?v=aCyGvGEtOwclist=PLzx7xtGqjNzoahrq-AQmO7DHbJZtGqZUC,False
Machine Gun Kelly,why are you here,,https://music.youtube.com/watch?v=LmTXmOH6M_Ilist=PLzx7xtGqjNzoahrq-AQmO7DHbJZtGqZUC,False
Machine Gun Kelly,Waste Love (feat. Madison Love),,https://music.youtube.com/watch?v=t8tdvXBdvYAlist=PLzx7xtGqjNzoahrq-AQmO7DHbJZtGqZUC,False
Machine Gun Kelly,All Night Long,General Admission,https://music.youtube.com/watch?v=Ret8pVVxtcAlist=PLzx7xtGqjNzoahrq-AQmO7DHbJZtGqZUC,False
Machine Gun Kelly,Spotlight (feat. Lzzy Hale),General Admission,https://music.youtube.com/watch?v=MkxhXZQOyS4list=PLzx7xtGqjNzoahrq-AQmO7DHbJZtGqZUC,False
Machine Gun Kelly,All Night Long,General Admission,https://music.youtube.com/watch?v=4LOCHX7pITIlist=PLzx7xtGqjNzoahrq-AQmO7DHbJZtGqZUC,False
Machine Gun Kelly,Let You Go,bloom,https://music.youtube.com/watch?v=abBSSRlM0fslist=PLzx7xtGqjNzoahrq-AQmO7DHbJZtGqZUC,False
Machine Gun Kelly,Rehab,bloom,https://music.youtube.com/watch?v=LAGTyVxoBdglist=PLzx7xtGqjNzoahrq-AQmO7DHbJZtGqZUC,False
Machine Gun Kelly,27,bloom,https://music.youtube.com/watch?v=-O5M1hoBhEolist=PLzx7xtGqjNzoahrq-AQmO7DHbJZtGqZUC,False
grandson,thoughts & prayers,,https://music.youtube.com/watch?v=4DQ-2tDzJxwlist=PLzx7xtGqjNzoahrq-AQmO7DHbJZtGqZUC,False
Forest Blaster,Guitar Hero III (#20) Black Sabbath - Paranoid (Steve Ouimette),,https://music.youtube.com/watch?v=DetPBST5ABslist=PLzx7xtGqjNzoahrq-AQmO7DHbJZtGqZUC,False
Forest Blaster,Guitar Hero III (#15) AFI - Miss Murder,,https://music.youtube.com/watch?v=zyPXlW_9jn8list=PLzx7xtGqjNzoahrq-AQmO7DHbJZtGqZUC,False
Forest Blaster,Guitar Hero III (#13) The Strokes - Reptilia,,https://music.youtube.com/watch?v=jWn16UP_I-0list=PLzx7xtGqjNzoahrq-AQmO7DHbJZtGqZUC,False
Forest Blaster,Guitar Hero III (#10) Heart - Barracuda (WaveGroup),,https://music.youtube.com/watch?v=qUY_9p0W0t0list=PLzx7xtGqjNzoahrq-AQmO7DHbJZtGqZUC,False
Forest Blaster,Guitar Hero III (#9) Cream - Sunshine Of Your Love (WaveGroup),,https://music.youtube.com/watch?v=ER7z2f8SDYklist=PLzx7xtGqjNzoahrq-AQmO7DHbJZtGqZUC,False
Forest Blaster,Guitar Hero III (#6) Beastie Boys - Sabotage,,https://music.youtube.com/watch?v=IjtSpESJDmElist=PLzx7xtGqjNzoahrq-AQmO7DHbJZtGqZUC,False
Forest Blaster,Guitar Hero III (#3) Pat Benatar - Hit Me With Your Best Shot (WaveGroup),,https://music.youtube.com/watch?v=TwWsMmSIY1Ilist=PLzx7xtGqjNzoahrq-AQmO7DHbJZtGqZUC,False
lovelytheband,broken,,https://music.youtube.com/watch?v=qr1-WpWOUk8list=PLzx7xtGqjNzoahrq-AQmO7DHbJZtGqZUC,False
Joey lyrics mania,five finger death punch - wrong side of heaven (lyrics),,https://music.youtube.com/watch?v=Uw4qGfUJWSMlist=PLzx7xtGqjNzoahrq-AQmO7DHbJZtGqZUC,False
Joey lyrics mania,five finger death punch - wrong side of heaven (lyrics),,https://music.youtube.com/watch?v=Uw4qGfUJWSMlist=PLzx7xtGqjNzoahrq-AQmO7DHbJZtGqZUC,False
NinaMusic,"Sleeping with Sirens - If you can't hang, Lyrics",,https://music.youtube.com/watch?v=bMcOuKJPnlUlist=PLzx7xtGqjNzoahrq-AQmO7DHbJZtGqZUC,False
Metro Station,She Likes Girls,,https://music.youtube.com/watch?v=fymYFDiM0Q8list=PLzx7xtGqjNzoahrq-AQmO7DHbJZtGqZUC,False
ShamsonNG,Sum 41 - Open Your Eyes,,https://music.youtube.com/watch?v=U9tC0H7Ehrwlist=PLzx7xtGqjNzoahrq-AQmO7DHbJZtGqZUC,False
Yours Truly,High Hopes,,https://music.youtube.com/watch?v=0LgkxEcpREwlist=PLzx7xtGqjNzoahrq-AQmO7DHbJZtGqZUC,False
YUNGBLUD,Die A Little,,https://music.youtube.com/watch?v=5jd-AhBwcCQlist=PLzx7xtGqjNzoahrq-AQmO7DHbJZtGqZUC,False
DyingToBeMee,Marilyn Manson - Tainted Love (Official Music Video) and Lyrics,,https://music.youtube.com/watch?v=1ybaiCgOFUQlist=PLzx7xtGqjNzoahrq-AQmO7DHbJZtGqZUC,False
This May Be A Scene,Try Not to Sing or Dance 2000's Emo/Pop Punk PART 2 (For CrankThatFrank),,https://music.youtube.com/watch?v=8A3nokWtovYlist=PLzx7xtGqjNzoahrq-AQmO7DHbJZtGqZUC,False
ThedemonicCreation,bring me the horizon blessed with a curse (lyrics),,https://music.youtube.com/watch?v=SFKqw6ooylwlist=PLzx7xtGqjNzoahrq-AQmO7DHbJZtGqZUC,False
Bring Me the Horizon,Ludens,,https://music.youtube.com/watch?v=jWR2pkfwfuAlist=PLzx7xtGqjNzoahrq-AQmO7DHbJZtGqZUC,False
Dan Collins,You Me At Six - Love Me Like You Used To (HQ),,https://music.youtube.com/watch?v=2RBcAkOW8cQlist=PLzx7xtGqjNzoahrq-AQmO7DHbJZtGqZUC,False
You Me At Six,Miracle in the Mourning,,https://music.youtube.com/watch?v=XPnhS391jIglist=PLzx7xtGqjNzoahrq-AQmO7DHbJZtGqZUC,False
You Me At Six,You Me At Six - I O U (Official Audio),,https://music.youtube.com/watch?v=FAqZm2UxHTglist=PLzx7xtGqjNzoahrq-AQmO7DHbJZtGqZUC,False
You Me At Six,Fast Forward,,https://music.youtube.com/watch?v=S78rh3v67Hwlist=PLzx7xtGqjNzoahrq-AQmO7DHbJZtGqZUC,False
You Me At Six,Heavy Soul,,https://music.youtube.com/watch?v=gnOWRS8-sDYlist=PLzx7xtGqjNzoahrq-AQmO7DHbJZtGqZUC,False
Lower Than Atlantis,Here We Go,,https://music.youtube.com/watch?v=AXpdFqZt4Uslist=PLzx7xtGqjNzoahrq-AQmO7DHbJZtGqZUC,False
You Me At Six,If I Were In Your Shoes,,https://music.youtube.com/watch?v=ZeD8VhacY5Ilist=PLzx7xtGqjNzoahrq-AQmO7DHbJZtGqZUC,False
You Me At Six,Straight to My Head,,https://music.youtube.com/watch?v=5MVtXLHytKUlist=PLzx7xtGqjNzoahrq-AQmO7DHbJZtGqZUC,False
You Me At Six,Plus One,,https://music.youtube.com/watch?v=2hOmgj9nrZclist=PLzx7xtGqjNzoahrq-AQmO7DHbJZtGqZUC,False
You Me At Six,Loverboy,,https://music.youtube.com/watch?v=t7heVHdYT6klist=PLzx7xtGqjNzoahrq-AQmO7DHbJZtGqZUC,False
You Me At Six,Swear,,https://music.youtube.com/watch?v=hSU4OLU8teAlist=PLzx7xtGqjNzoahrq-AQmO7DHbJZtGqZUC,False
You Me At Six,The Swarm,,https://music.youtube.com/watch?v=dd7qgRPpd3wlist=PLzx7xtGqjNzoahrq-AQmO7DHbJZtGqZUC,False
You Me At Six,Night People,,https://music.youtube.com/watch?v=-uitU1ndO3slist=PLzx7xtGqjNzoahrq-AQmO7DHbJZtGqZUC,False
You Me At Six,Liquid Confidence (Nothing To Lose),,https://music.youtube.com/watch?v=uHFPLipc0q4list=PLzx7xtGqjNzoahrq-AQmO7DHbJZtGqZUC,False
You Me At Six,Give,,https://music.youtube.com/watch?v=r6EakBG9DuIlist=PLzx7xtGqjNzoahrq-AQmO7DHbJZtGqZUC,False
You Me At Six,Reckless,,https://music.youtube.com/watch?v=FmrmencS8GMlist=PLzx7xtGqjNzoahrq-AQmO7DHbJZtGqZUC,False
YouMeAtSixVEVO,You Me At Six - You Me At Six - Fresh Start Fever (Official Video),,https://music.youtube.com/watch?v=4tYucGxToC4list=PLzx7xtGqjNzoahrq-AQmO7DHbJZtGqZUC,False
You Me At Six,Stay With Me,,https://music.youtube.com/watch?v=ye5ivNkEcwolist=PLzx7xtGqjNzoahrq-AQmO7DHbJZtGqZUC,False
TheBlackbird012,"Dream Theater - ""Pull Me Under""",,https://music.youtube.com/watch?v=SGRgAULYgWElist=PLzx7xtGqjNzoahrq-AQmO7DHbJZtGqZUC,False
Animals As Leaders,Physical Education,,https://music.youtube.com/watch?v=0jpOBd949O4list=PLzx7xtGqjNzoahrq-AQmO7DHbJZtGqZUC,False
Polyphia,GOOSE,,https://music.youtube.com/watch?v=EVSqUl-FtCIlist=PLzx7xtGqjNzoahrq-AQmO7DHbJZtGqZUC,False
BelmontVEVO,Belmont - Overstepping,,https://music.youtube.com/watch?v=yZHu0VO1abIlist=PLzx7xtGqjNzoahrq-AQmO7DHbJZtGqZUC,False
Polyphia,Crush,,https://music.youtube.com/watch?v=sWqsgEYNii4list=PLzx7xtGqjNzoahrq-AQmO7DHbJZtGqZUC,False
Caravan Palace,Lone Digger,,https://music.youtube.com/watch?v=UbQgXeY_zi4list=PLzx7xtGqjNzoahrq-AQmO7DHbJZtGqZUC,False
Polyphia,40oz,,https://music.youtube.com/watch?v=q3o-l1LVNgwlist=PLzx7xtGqjNzoahrq-AQmO7DHbJZtGqZUC,False
Polyphia,Champagne (feat. Nick Johnston),,https://music.youtube.com/watch?v=tv7Hyz4hqm0list=PLzx7xtGqjNzoahrq-AQmO7DHbJZtGqZUC,False
Jason Richardson,Tendinitis (Orchestral Version),,https://music.youtube.com/watch?v=jSMeE6os9XYlist=PLzx7xtGqjNzoahrq-AQmO7DHbJZtGqZUC,False
Polyphia,Finale,,https://music.youtube.com/watch?v=qNYfM0ovwuglist=PLzx7xtGqjNzoahrq-AQmO7DHbJZtGqZUC,False
Polyphia,LIT,,https://music.youtube.com/watch?v=per9Wz0N-QAlist=PLzx7xtGqjNzoahrq-AQmO7DHbJZtGqZUC,False
Polyphia,Euphoria,,https://music.youtube.com/watch?v=7C19ZGLuhlQlist=PLzx7xtGqjNzoahrq-AQmO7DHbJZtGqZUC,False
Polyphia,Yas (feat. Mario Camarena & Erick Hansel),,https://music.youtube.com/watch?v=2hln1TOQUZ0list=PLzx7xtGqjNzoahrq-AQmO7DHbJZtGqZUC,False
Polyphia,O.D.,,https://music.youtube.com/watch?v=IHcAi2FPrTMlist=PLzx7xtGqjNzoahrq-AQmO7DHbJZtGqZUC,False
Polyphia,G.O.A.T.,,https://music.youtube.com/watch?v=9_gkpYORQLUlist=PLzx7xtGqjNzoahrq-AQmO7DHbJZtGqZUC,False
The Griswolds,16 Years,,https://music.youtube.com/watch?v=3G5F4QDoIXolist=PLzx7xtGqjNzoahrq-AQmO7DHbJZtGqZUC,False
David Dallas,Runnin',,https://music.youtube.com/watch?v=YoXa2Pl7Hk0list=PLzx7xtGqjNzoahrq-AQmO7DHbJZtGqZUC,False
You Me At Six,Lived a Lie,,https://music.youtube.com/watch?v=VxldtR106Sglist=PLzx7xtGqjNzoahrq-AQmO7DHbJZtGqZUC,False
I Prevail,Scars,,https://music.youtube.com/watch?v=tZzL4jI60p4list=PLzx7xtGqjNzoahrq-AQmO7DHbJZtGqZUC,False
LindaMar,LindaMar - Way Back When (Full EP In The Description),,https://music.youtube.com/watch?v=cQTSm4tlWwAlist=PLzx7xtGqjNzoahrq-AQmO7DHbJZtGqZUC,False
LindaMar,LindaMar - Against The Grain *NEW SINGLE*,,https://music.youtube.com/watch?v=MEr0Ys7FcbIlist=PLzx7xtGqjNzoahrq-AQmO7DHbJZtGqZUC,False
LindaMar,LindaMar - Breathless (Breathe Less) Official Music Video,,https://music.youtube.com/watch?v=l-sV296D4QAlist=PLzx7xtGqjNzoahrq-AQmO7DHbJZtGqZUC,False
LindaMar,LindaMar - Tempest (Official Music Video),,https://music.youtube.com/watch?v=nb7b_3Si5H0list=PLzx7xtGqjNzoahrq-AQmO7DHbJZtGqZUC,False
iSeeADaytoRemember,Caraphernelia Lyrics Pierce the Veil ft. Jeremy McKinnon of A Day to Remember,,https://music.youtube.com/watch?v=KHy8hX1lHIUlist=PLzx7xtGqjNzoahrq-AQmO7DHbJZtGqZUC,False
sooyoungsgf,Hell Above - Pierce the Veil Lyrics,,https://music.youtube.com/watch?v=dz6mIeOXOOAlist=PLzx7xtGqjNzoahrq-AQmO7DHbJZtGqZUC,False
Natalie Castellano,Bring Me The Horizon - Hospital For Souls (lyrics onscreen),,https://music.youtube.com/watch?v=25mqmENYHFQlist=PLzx7xtGqjNzoahrq-AQmO7DHbJZtGqZUC,False
The Sleeping,Don't Hold Back,Questions And Answers,https://music.youtube.com/watch?v=ERDW9IIL6H4list=PLzx7xtGqjNzoahrq-AQmO7DHbJZtGqZUC,False
Felipe22,Reptilia-The strokes- Lyrics,,https://music.youtube.com/watch?v=MrLnOfYFVvQlist=PLzx7xtGqjNzoahrq-AQmO7DHbJZtGqZUC,False
andres170295,Guitar Hero 3 song Heart - Barracuda,,https://music.youtube.com/watch?v=dSoL53-Gyzslist=PLzx7xtGqjNzoahrq-AQmO7DHbJZtGqZUC,False
Fatal ODs,Beastie Boys - Sabotage Lyrics,,https://music.youtube.com/watch?v=WLrTqbW0zIYlist=PLzx7xtGqjNzoahrq-AQmO7DHbJZtGqZUC,False
Blur,Song 2,,https://music.youtube.com/watch?v=SSbBvKaM6sklist=PLzx7xtGqjNzoahrq-AQmO7DHbJZtGqZUC,False
Linkin Park,Battle Symphony,,https://music.youtube.com/watch?v=D7ab595h0AUlist=PLzx7xtGqjNzoahrq-AQmO7DHbJZtGqZUC,False
Three Days Grace,Never Too Late,,https://music.youtube.com/watch?v=lL2ZwXj1tXMlist=PLzx7xtGqjNzoahrq-AQmO7DHbJZtGqZUC,False
Linkin Park,LOST IN THE ECHO,,https://music.youtube.com/watch?v=co4YpHTqmfQlist=PLzx7xtGqjNzoahrq-AQmO7DHbJZtGqZUC,False
Linkin Park,Breaking the Habit,,https://music.youtube.com/watch?v=v2H4l9RpkwMlist=PLzx7xtGqjNzoahrq-AQmO7DHbJZtGqZUC,False
Three Days Grace,I Hate Everything About You,Three Days Grace,https://music.youtube.com/watch?v=ph9KP2_lT5Qlist=PLzx7xtGqjNzoahrq-AQmO7DHbJZtGqZUC,False
System Of A Down,Chop Suey!,Toxicity,https://music.youtube.com/watch?v=MlcJQYON2Golist=PLzx7xtGqjNzoahrq-AQmO7DHbJZtGqZUC,False
Linkin Park,Bleed It Out [Clean],,https://music.youtube.com/watch?v=OnuuYcqhzCElist=PLzx7xtGqjNzoahrq-AQmO7DHbJZtGqZUC,False
Linkin Park,Faint,,https://music.youtube.com/watch?v=LYU-8IFcDPwlist=PLzx7xtGqjNzoahrq-AQmO7DHbJZtGqZUC,False
Evanescence,Bring Me to Life,,https://music.youtube.com/watch?v=3YxaaGgTQYMlist=PLzx7xtGqjNzoahrq-AQmO7DHbJZtGqZUC,False
LordDeathstalker,Linkin Park- Lost In The Echo Lyrics,,https://music.youtube.com/watch?v=srggFS3TwKQlist=PLzx7xtGqjNzoahrq-AQmO7DHbJZtGqZUC,False
BobTheBobCatt - Old Channel,"Linkin' Park - ""Battle Symphony"" (Unofficial Lyric Video)",,https://music.youtube.com/watch?v=rCHYEGVDE74list=PLzx7xtGqjNzoahrq-AQmO7DHbJZtGqZUC,False
Nightcore Time,Talking To Myself - Lyrics - Linkin Park,,https://music.youtube.com/watch?v=QEcnRfqGYLIlist=PLzx7xtGqjNzoahrq-AQmO7DHbJZtGqZUC,False
d4rk3rst4r,Linkin Park - Breaking The Habit lyrics,,https://music.youtube.com/watch?v=GLQs0OrHiPYlist=PLzx7xtGqjNzoahrq-AQmO7DHbJZtGqZUC,False
Rexor Entertainment,Linkin Park - Numb Lyrics [HQ] [HD],,https://music.youtube.com/watch?v=-qZxMY7FZf8list=PLzx7xtGqjNzoahrq-AQmO7DHbJZtGqZUC,False
liamuzumaki,In the end - Linkin Park (with lyrics),,https://music.youtube.com/watch?v=xubrxJwLxaIlist=PLzx7xtGqjNzoahrq-AQmO7DHbJZtGqZUC,False
McCraigerson,Somebody That I Used to Know- Gotye ft. Kimbra (Lyrics),,https://music.youtube.com/watch?v=hhyi3rrVB6Elist=PLzx7xtGqjNzoahrq-AQmO7DHbJZtGqZUC,False
Stinky Feet,Heavy (Lyrics) - Linkin Park ft. Kiiara,,https://music.youtube.com/watch?v=QGTNMtyd3yglist=PLzx7xtGqjNzoahrq-AQmO7DHbJZtGqZUC,False
Linkin Park,In the End,,https://music.youtube.com/watch?v=eVTXPUF4Oz4list=PLzx7xtGqjNzoahrq-AQmO7DHbJZtGqZUC,False
The Fray,How to Save a Life,,https://music.youtube.com/watch?v=cjVQ36NhbMklist=PLzx7xtGqjNzoahrq-AQmO7DHbJZtGqZUC,False
Foster The People,Pumped Up Kicks,Torches,https://music.youtube.com/watch?v=rnO-MflYxCwlist=PLzx7xtGqjNzoahrq-AQmO7DHbJZtGqZUC,False
The All-American Rejects,Gives You Hell,,https://music.youtube.com/watch?v=uxUATkpMQ8Alist=PLzx7xtGqjNzoahrq-AQmO7DHbJZtGqZUC,False
SOADScarsSerjHD,System of a Down - Toxicity (Official Music Video HD),,https://music.youtube.com/watch?v=64FrYGRrKVYlist=PLzx7xtGqjNzoahrq-AQmO7DHbJZtGqZUC,False
Jerry,Nirvana - Smells Like Teen Spirit (Lyrics),,https://music.youtube.com/watch?v=zYxkezUr8MQlist=PLzx7xtGqjNzoahrq-AQmO7DHbJZtGqZUC,False
dinoruto,System Of A Down- B.Y.O.B. Lyrics,,https://music.youtube.com/watch?v=3qBPoFFKmQklist=PLzx7xtGqjNzoahrq-AQmO7DHbJZtGqZUC,False
System Of A Down,Toxicity,,https://music.youtube.com/watch?v=iywaBOMvYLIlist=PLzx7xtGqjNzoahrq-AQmO7DHbJZtGqZUC,False
System Of A Down,Aerials,,https://music.youtube.com/watch?v=L-iepu3EtyElist=PLzx7xtGqjNzoahrq-AQmO7DHbJZtGqZUC,False
Muse,Time is Running Out,,https://music.youtube.com/watch?v=O2IuJPh6h_Alist=PLzx7xtGqjNzoahrq-AQmO7DHbJZtGqZUC,False
Architects,Memento Mori,,https://music.youtube.com/watch?v=CoFfOv8HIEglist=PLzx7xtGqjNzoahrq-AQmO7DHbJZtGqZUC,False
Epitaph Records,"Architects - ""All Love is Lost"" (Full Album Stream)",,https://music.youtube.com/watch?v=4nXF99fI6cglist=PLzx7xtGqjNzoahrq-AQmO7DHbJZtGqZUC,False
Architects,A Wasted Hymn,,https://music.youtube.com/watch?v=Htc6SP1BEzklist=PLzx7xtGqjNzoahrq-AQmO7DHbJZtGqZUC,False
Architects,Mortal After All,,https://music.youtube.com/watch?v=motGYShex5olist=PLzx7xtGqjNzoahrq-AQmO7DHbJZtGqZUC,False
Architects,Death Is Not Defeat,,https://music.youtube.com/watch?v=h82045Ld6aklist=PLzx7xtGqjNzoahrq-AQmO7DHbJZtGqZUC,False
Architects,Gone With the Wind,,https://music.youtube.com/watch?v=0d-1ZilyKdwlist=PLzx7xtGqjNzoahrq-AQmO7DHbJZtGqZUC,False
Architects,A Match Made in Heaven,,https://music.youtube.com/watch?v=O59JNz7rdIUlist=PLzx7xtGqjNzoahrq-AQmO7DHbJZtGqZUC,False
Architects,Gravity,,https://music.youtube.com/watch?v=GktXlCEJ-HUlist=PLzx7xtGqjNzoahrq-AQmO7DHbJZtGqZUC,False
Architects,These Colours Don't Run,,https://music.youtube.com/watch?v=FHHJF2cUwyYlist=PLzx7xtGqjNzoahrq-AQmO7DHbJZtGqZUC,False
Architects,Gravedigger,,https://music.youtube.com/watch?v=S0Q0fcAT36slist=PLzx7xtGqjNzoahrq-AQmO7DHbJZtGqZUC,False
Architects,Royal Beggars,,https://music.youtube.com/watch?v=HNpWuwSVyDklist=PLzx7xtGqjNzoahrq-AQmO7DHbJZtGqZUC,False
Architects,Hereafter,,https://music.youtube.com/watch?v=WqRYBWyvbRolist=PLzx7xtGqjNzoahrq-AQmO7DHbJZtGqZUC,False
Architects,Doomsday,,https://music.youtube.com/watch?v=RvWbcK3YQ_olist=PLzx7xtGqjNzoahrq-AQmO7DHbJZtGqZUC,False
Tris Mikal,Tris Mikal - Deathbeds (Bring Me The Horizon Cover),,https://music.youtube.com/watch?v=kCgh2JXnHO0list=PLzx7xtGqjNzoahrq-AQmO7DHbJZtGqZUC,False
Bring Me The Horizon,Deathbeds,Sempiternal (Expanded Edition),https://music.youtube.com/watch?v=YAwJto0FPIQlist=PLzx7xtGqjNzoahrq-AQmO7DHbJZtGqZUC,False
Bring Me the Horizon,Hospital for Souls,,https://music.youtube.com/watch?v=HjOSydtI38Qlist=PLzx7xtGqjNzoahrq-AQmO7DHbJZtGqZUC,False
Bring Me the Horizon,And the Snakes Start to Sing,,https://music.youtube.com/watch?v=mp3UVX6z9L8list=PLzx7xtGqjNzoahrq-AQmO7DHbJZtGqZUC,False
Bring Me the Horizon,Go to Hell for Heaven's Sake,,https://music.youtube.com/watch?v=C7cczTyQ4iYlist=PLzx7xtGqjNzoahrq-AQmO7DHbJZtGqZUC,False
Bring Me the Horizon,Can You Feel My Heart,,https://music.youtube.com/watch?v=6AVRCQBc59wlist=PLzx7xtGqjNzoahrq-AQmO7DHbJZtGqZUC,False
Bring Me the Horizon,Oh No,,https://music.youtube.com/watch?v=SEp9Kh0M4f0list=PLzx7xtGqjNzoahrq-AQmO7DHbJZtGqZUC,False
Bring Me The Horizon,Blasphemy,That's The Spirit,https://music.youtube.com/watch?v=HYd9B6YvIHMlist=PLzx7xtGqjNzoahrq-AQmO7DHbJZtGqZUC,False
Bring Me the Horizon,Drown,,https://music.youtube.com/watch?v=TkV5709EG5Mlist=PLzx7xtGqjNzoahrq-AQmO7DHbJZtGqZUC,False
Bring Me The Horizon,Run,That's The Spirit,https://music.youtube.com/watch?v=57F_JVBkykslist=PLzx7xtGqjNzoahrq-AQmO7DHbJZtGqZUC,False
Bring Me the Horizon,Avalanche,,https://music.youtube.com/watch?v=UNaYpBpRJOYlist=PLzx7xtGqjNzoahrq-AQmO7DHbJZtGqZUC,False
Bring Me The Horizon,What You Need,That's The Spirit,https://music.youtube.com/watch?v=k48k3BUdcXQlist=PLzx7xtGqjNzoahrq-AQmO7DHbJZtGqZUC,False
Bring Me The Horizon,Doomed,That's The Spirit,https://music.youtube.com/watch?v=5Oc0ja19_GUlist=PLzx7xtGqjNzoahrq-AQmO7DHbJZtGqZUC,False
Bring Me the Horizon,heavy metal (feat. Rahzel),,https://music.youtube.com/watch?v=_bvBC1mcyB0list=PLzx7xtGqjNzoahrq-AQmO7DHbJZtGqZUC,False
Bring Me the Horizon,mother tongue,,https://music.youtube.com/watch?v=RZekS_waLUYlist=PLzx7xtGqjNzoahrq-AQmO7DHbJZtGqZUC,False
Bring Me the Horizon,fresh bruises,,https://music.youtube.com/watch?v=Pj_aE3PHTjIlist=PLzx7xtGqjNzoahrq-AQmO7DHbJZtGqZUC,False
Bring Me the Horizon,why you gotta kick me when i'm down?,,https://music.youtube.com/watch?v=3e89Y9S00pMlist=PLzx7xtGqjNzoahrq-AQmO7DHbJZtGqZUC,False
BMTHOfficialVEVO,Bring Me The Horizon - sugar honey ice & tea (Lyric Video),,https://music.youtube.com/watch?v=ULj6eH5YfAwlist=PLzx7xtGqjNzoahrq-AQmO7DHbJZtGqZUC,False
Bring Me the Horizon,medicine,,https://music.youtube.com/watch?v=MocF43ncu8Ilist=PLzx7xtGqjNzoahrq-AQmO7DHbJZtGqZUC,False
Bring Me the Horizon,ouch,,https://music.youtube.com/watch?v=QD1vsicJevYlist=PLzx7xtGqjNzoahrq-AQmO7DHbJZtGqZUC,False
Bring Me the Horizon,in the dark,,https://music.youtube.com/watch?v=rju0pbdm4z4list=PLzx7xtGqjNzoahrq-AQmO7DHbJZtGqZUC,False
Bring Me the Horizon,MANTRA,,https://music.youtube.com/watch?v=VAXg78MKJcMlist=PLzx7xtGqjNzoahrq-AQmO7DHbJZtGqZUC,False
Rise Against,Satellite,,https://music.youtube.com/watch?v=6nQCxwneUwAlist=PLzx7xtGqjNzoahrq-AQmO7DHbJZtGqZUC,False
Tobias Loos,Three Days Grace - Time of Dying (lyrics),,https://music.youtube.com/watch?v=pMDcYX2wRSglist=PLzx7xtGqjNzoahrq-AQmO7DHbJZtGqZUC,False
My Chemical Romance,Welcome to the Black Parade,,https://music.youtube.com/watch?v=RRKJiM9Njr8list=PLzx7xtGqjNzoahrq-AQmO7DHbJZtGqZUC,False
Rise Against,Prayer of the Refugee,,https://music.youtube.com/watch?v=9-SQGOYOjxslist=PLzx7xtGqjNzoahrq-AQmO7DHbJZtGqZUC,False
You Me At Six,Rescue Me,,https://music.youtube.com/watch?v=3kIIMefEdr4list=PLzx7xtGqjNzoahrq-AQmO7DHbJZtGqZUC,False
You Me At Six,3AM,,https://music.youtube.com/watch?v=lrELmjpktYElist=PLzx7xtGqjNzoahrq-AQmO7DHbJZtGqZUC,False
While She Sleeps,Silence Speaks (feat. Oli Sykes),,https://music.youtube.com/watch?v=eH6tqXQNWUAlist=PLzx7xtGqjNzoahrq-AQmO7DHbJZtGqZUC,False
Bring Me the Horizon,Throne,,https://music.youtube.com/watch?v=Ow_qI_F2ZJIlist=PLzx7xtGqjNzoahrq-AQmO7DHbJZtGqZUC,False
soem1997,Bring Me The Horizon - Follow You (Lyrics),,https://music.youtube.com/watch?v=EfE-tV8Cq00list=PLzx7xtGqjNzoahrq-AQmO7DHbJZtGqZUC,False
Rise Against,Savior,,https://music.youtube.com/watch?v=e8X3ACToii0list=PLzx7xtGqjNzoahrq-AQmO7DHbJZtGqZUC,False
A Day To Remember,All I Want,,https://music.youtube.com/watch?v=Pn-6eOxnEMIlist=PLzx7xtGqjNzoahrq-AQmO7DHbJZtGqZUC,False
Bring Me the Horizon,MANTRA,,https://music.youtube.com/watch?v=hvZxPWmnqeolist=PLzx7xtGqjNzoahrq-AQmO7DHbJZtGqZUC,False
Bring Me the Horizon,wonderful life (feat. Dani Filth),,https://music.youtube.com/watch?v=4hoDwVy6IQ4list=PLzx7xtGqjNzoahrq-AQmO7DHbJZtGqZUC,False
You Me At Six,Cold Night,,https://music.youtube.com/watch?v=spHnq_ekaN0list=PLzx7xtGqjNzoahrq-AQmO7DHbJZtGqZUC,False
You Me At Six,No One Does It Better,,https://music.youtube.com/watch?v=dXrlPZYBvcQlist=PLzx7xtGqjNzoahrq-AQmO7DHbJZtGqZUC,False
You Me At Six,Back Again,,https://music.youtube.com/watch?v=ycW4WHDZXGMlist=PLzx7xtGqjNzoahrq-AQmO7DHbJZtGqZUC,False
You Me At Six,Room to Breathe,,https://music.youtube.com/watch?v=IPtUV01R1RElist=PLzx7xtGqjNzoahrq-AQmO7DHbJZtGqZUC,False
You Me At Six,Bite My Tongue (feat. Oli Sykes),,https://music.youtube.com/watch?v=l1CTbE3u0PQlist=PLzx7xtGqjNzoahrq-AQmO7DHbJZtGqZUC,False
Jess Thomas,You Me At Six - No One Does It Better - Lyrics,,https://music.youtube.com/watch?v=86skxpUOqEElist=PLzx7xtGqjNzoahrq-AQmO7DHbJZtGqZUC,False
